{"query": "sum( rate( kepler_process_package_joules_total{ job=\"metal\", pid=\"2433120\", }[20s] ) )", "metric": {}, "timestamps": [1725921365, 1725921368, 1725921371, 1725921374, 1725921377, 1725921380, 1725921383, 1725921386, 1725921389, 1725921392, 1725921395, 1725921398, 1725921401, 1725921404, 1725921407, 1725921410, 1725921413, 1725921416, 1725921419, 1725921422, 1725921425, 1725921428, 1725921431, 1725921434, 1725921437, 1725921440, 1725921443, 1725921446, 1725921449, 1725921452, 1725921455, 1725921458, 1725921461, 1725921464, 1725921467, 1725921470, 1725921473, 1725921476, 1725921479, 1725921482, 1725921485, 1725921488, 1725921491, 1725921494, 1725921497, 1725921500, 1725921503, 1725921506, 1725921509, 1725921512, 1725921515, 1725921518, 1725921521, 1725921524, 1725921527, 1725921530, 1725921533, 1725921536, 1725921539, 1725921542, 1725921545, 1725921548, 1725921551, 1725921554, 1725921557, 1725921560, 1725921563, 1725921566, 1725921569, 1725921572, 1725921575, 1725921578, 1725921581, 1725921584, 1725921587, 1725921590, 1725921593, 1725921596, 1725921599, 1725921602, 1725921605, 1725921608, 1725921611, 1725921614, 1725921617, 1725921620, 1725921623, 1725921626, 1725921629, 1725921632, 1725921635, 1725921638, 1725921641, 1725921644, 1725921647, 1725921650, 1725921653, 1725921656, 1725921659, 1725921662, 1725921665, 1725921668, 1725921671, 1725921674, 1725921677, 1725921680, 1725921683, 1725921686, 1725921689, 1725921692, 1725921695, 1725921698, 1725921701, 1725921704, 1725921707, 1725921710, 1725921713, 1725921716, 1725921719, 1725921722, 1725921725, 1725921728, 1725921731, 1725921734, 1725921737, 1725921740, 1725921743, 1725921746, 1725921749, 1725921752, 1725921755, 1725921758, 1725921761, 1725921764, 1725921767, 1725921770], "values": [0.13140000000003055, 0.13140000000003055, 0.2610000000000582, 0.2610000000000582, 0.27639999999998205, 0.3742000000000189, 0.3742000000000189, 0.36899999999992966, 0.36899999999992966, 0.4179999999999079, 0.4964000000000548, 0.4964000000000548, 0.6698000000000319, 0.6698000000000319, 0.8820000000000315, 1.1491999999998976, 1.1491999999998976, 1.2641999999999824, 1.2641999999999824, 1.5274000000000645, 3.793000000000029, 3.793000000000029, 5.9194000000000715, 5.9194000000000715, 6.756999999999911, 7.383400000000013, 7.383400000000013, 9.760799999999957, 9.760799999999957, 10.872400000000017, 12.510399999999995, 12.510399999999995, 12.741800000000026, 12.741800000000026, 12.95640000000003, 13.19359999999997, 13.19359999999997, 13.261799999999978, 13.261799999999978, 13.167600000000009, 13.160799999999957, 13.160799999999957, 13.029999999999927, 13.029999999999927, 12.828799999999925, 12.197599999999996, 12.197599999999996, 11.939000000000062, 11.939000000000062, 11.539000000000064, 9.399200000000018, 9.399200000000018, 6.807399999999992, 6.807399999999992, 6.0168000000000275, 5.461000000000058, 5.461000000000058, 3.8165999999999256, 3.8165999999999256, 2.9324000000000523, 1.5812000000000506, 1.5812000000000506, 1.3118000000001, 1.3118000000001, 1.0773999999998827, 0.7121999999999389, 0.7121999999999389, 0.6707999999999326, 0.6707999999999326, 0.6322000000000723, 0.48640000000001843, 0.48640000000001843, 0.30000000000006066, 0.30000000000006066, 0.34719999999997525, 0.5030000000000048, 0.5030000000000048, 0.596800000000015, 0.596800000000015, 0.8042000000000067, 1.4319999999999709, 1.4319999999999709, 1.7352000000000165, 1.7352000000000165, 1.663399999999941, 1.9683999999999287, 1.9683999999999287, 3.9435999999999694, 3.9435999999999694, 4.881200000000111, 6.126800000000003, 6.126800000000003, 7.035000000000037, 7.035000000000037, 8.253199999999985, 10.320600000000013, 10.320600000000013, 11.597999999999956, 11.597999999999956, 11.618999999999929, 12.43000000000005, 12.43000000000005, 12.834599999999956, 12.834599999999956, 12.969200000000031, 13.047599999999996, 13.047599999999996, 13.260200000000077, 13.260200000000077, 13.302400000000004, 12.585200000000016, 12.585200000000016, 11.989799999999923, 11.989799999999923, 11.662600000000019, 10.951399999999982, 10.951399999999982, 8.779200000000067, 8.779200000000067, 7.762199999999999, 6.615599999999964, 6.615599999999964, 5.746399999999993, 5.746399999999993, 4.770799999999992, 2.628000000000005, 2.628000000000005, 1.589199999999922, 1.589199999999922, 1.5223999999999553, 1.1586000000000545, 1.1586000000000545, 0.7186000000000907, 0.7186000000000907, 0.5892000000000432, 0.5122000000000602]}