{"query": "sum( rate( kepler_process_core_joules_total{ job=\"metal\", pid=\"2433120\", }[20s] ) )", "metric": {}, "timestamps": [1725921365, 1725921368, 1725921371, 1725921374, 1725921377, 1725921380, 1725921383, 1725921386, 1725921389, 1725921392, 1725921395, 1725921398, 1725921401, 1725921404, 1725921407, 1725921410, 1725921413, 1725921416, 1725921419, 1725921422, 1725921425, 1725921428, 1725921431, 1725921434, 1725921437, 1725921440, 1725921443, 1725921446, 1725921449, 1725921452, 1725921455, 1725921458, 1725921461, 1725921464, 1725921467, 1725921470, 1725921473, 1725921476, 1725921479, 1725921482, 1725921485, 1725921488, 1725921491, 1725921494, 1725921497, 1725921500, 1725921503, 1725921506, 1725921509, 1725921512, 1725921515, 1725921518, 1725921521, 1725921524, 1725921527, 1725921530, 1725921533, 1725921536, 1725921539, 1725921542, 1725921545, 1725921548, 1725921551, 1725921554, 1725921557, 1725921560, 1725921563, 1725921566, 1725921569, 1725921572, 1725921575, 1725921578, 1725921581, 1725921584, 1725921587, 1725921590, 1725921593, 1725921596, 1725921599, 1725921602, 1725921605, 1725921608, 1725921611, 1725921614, 1725921617, 1725921620, 1725921623, 1725921626, 1725921629, 1725921632, 1725921635, 1725921638, 1725921641, 1725921644, 1725921647, 1725921650, 1725921653, 1725921656, 1725921659, 1725921662, 1725921665, 1725921668, 1725921671, 1725921674, 1725921677, 1725921680, 1725921683, 1725921686, 1725921689, 1725921692, 1725921695, 1725921698, 1725921701, 1725921704, 1725921707, 1725921710, 1725921713, 1725921716, 1725921719, 1725921722, 1725921725, 1725921728, 1725921731, 1725921734, 1725921737, 1725921740, 1725921743, 1725921746, 1725921749, 1725921752, 1725921755, 1725921758, 1725921761, 1725921764, 1725921767, 1725921770], "values": [0.021599999999968606, 0.021599999999968606, 0.12319999999999141, 0.12319999999999141, 0.1274000000000001, 0.1600000000000326, 0.1600000000000326, 0.09840000000003404, 0.09840000000003404, 0.1230000000000113, 0.1799999999999822, 0.1799999999999822, 0.28559999999997104, 0.28559999999997104, 0.4043999999999831, 0.5460000000000302, 0.5460000000000302, 0.6225999999999924, 0.6225999999999924, 0.8627999999999947, 2.9221999999999695, 2.9221999999999695, 4.822800000000031, 4.822800000000031, 5.601799999999997, 6.189400000000018, 6.189400000000018, 8.427200000000017, 8.427200000000017, 9.473199999999993, 11.010399999999994, 11.010399999999994, 11.265399999999982, 11.265399999999982, 11.49680000000001, 11.781400000000025, 11.781400000000025, 11.870399999999966, 11.870399999999966, 11.785599999999974, 11.774199999999956, 11.774199999999956, 11.605400000000005, 11.605400000000005, 11.38600000000005, 10.727999999999998, 10.727999999999998, 10.455200000000023, 10.455200000000023, 10.067199999999984, 8.06500000000002, 8.06500000000002, 5.623600000000014, 5.623600000000014, 4.883199999999968, 4.404399999999981, 4.404399999999981, 2.9932000000000034, 2.9932000000000034, 2.2148000000000403, 0.9796000000000239, 0.9796000000000239, 0.7365999999999948, 0.7365999999999948, 0.554200000000001, 0.3099999999999701, 0.3099999999999701, 0.33979999999997784, 0.33979999999997784, 0.30399999999996036, 0.23540000000005154, 0.23540000000005154, 0.08680000000003361, 0.08680000000003361, 0.14140000000000252, 0.22019999999998843, 0.22019999999998843, 0.27219999999997146, 0.27219999999997146, 0.4740000000000331, 0.9926000000000025, 0.9926000000000025, 1.1688000000000045, 1.1688000000000045, 1.0370000000000155, 1.273600000000014, 1.273600000000014, 3.0609999999999937, 3.0609999999999937, 3.8969999999999896, 5.015399999999979, 5.015399999999979, 5.839599999999998, 5.839599999999998, 6.995000000000008, 8.950799999999978, 8.950799999999978, 10.17639999999998, 10.17639999999998, 10.193799999999943, 11.017200000000042, 11.017200000000042, 11.477000000000038, 11.477000000000038, 11.634800000000054, 11.699999999999994, 11.699999999999994, 11.899999999999993, 11.899999999999993, 11.940399999999977, 11.215599999999961, 11.215599999999961, 10.568399999999986, 10.568399999999986, 10.253599999999999, 9.594800000000026, 9.594800000000026, 7.571600000000029, 7.571600000000029, 6.587000000000016, 5.4939999999999864, 5.4939999999999864, 4.6974000000000125, 4.6974000000000125, 3.8334000000000077, 1.8901999999999988, 1.8901999999999988, 0.9697999999999656, 0.9697999999999656, 0.8959999999999696, 0.6504000000000171, 0.6504000000000171, 0.3329999999999889, 0.3329999999999889, 0.26680000000002146, 0.19299999999996278]}