{"query": "sum( rate( kepler_process_platform_joules_total{ job=\"metal\", pid=\"2433120\", }[20s] ) )", "metric": {}, "timestamps": [1725921365, 1725921368, 1725921371, 1725921374, 1725921377, 1725921380, 1725921383, 1725921386, 1725921389, 1725921392, 1725921395, 1725921398, 1725921401, 1725921404, 1725921407, 1725921410, 1725921413, 1725921416, 1725921419, 1725921422, 1725921425, 1725921428, 1725921431, 1725921434, 1725921437, 1725921440, 1725921443, 1725921446, 1725921449, 1725921452, 1725921455, 1725921458, 1725921461, 1725921464, 1725921467, 1725921470, 1725921473, 1725921476, 1725921479, 1725921482, 1725921485, 1725921488, 1725921491, 1725921494, 1725921497, 1725921500, 1725921503, 1725921506, 1725921509, 1725921512, 1725921515, 1725921518, 1725921521, 1725921524, 1725921527, 1725921530, 1725921533, 1725921536, 1725921539, 1725921542, 1725921545, 1725921548, 1725921551, 1725921554, 1725921557, 1725921560, 1725921563, 1725921566, 1725921569, 1725921572, 1725921575, 1725921578, 1725921581, 1725921584, 1725921587, 1725921590, 1725921593, 1725921596, 1725921599, 1725921602, 1725921605, 1725921608, 1725921611, 1725921614, 1725921617, 1725921620, 1725921623, 1725921626, 1725921629, 1725921632, 1725921635, 1725921638, 1725921641, 1725921644, 1725921647, 1725921650, 1725921653, 1725921656, 1725921659, 1725921662, 1725921665, 1725921668, 1725921671, 1725921674, 1725921677, 1725921680, 1725921683, 1725921686, 1725921689, 1725921692, 1725921695, 1725921698, 1725921701, 1725921704, 1725921707, 1725921710, 1725921713, 1725921716, 1725921719, 1725921722, 1725921725, 1725921728, 1725921731, 1725921734, 1725921737, 1725921740, 1725921743, 1725921746, 1725921749, 1725921752, 1725921755, 1725921758, 1725921761, 1725921764, 1725921767, 1725921770], "values": [0.7110000000000583, 0.7110000000000583, 0.9150000000000242, 0.9150000000000242, 0.9162000000000262, 1.041200000000026, 1.041200000000026, 1.0915999999999864, 1.0915999999999864, 1.2222000000001572, 1.3690000000001117, 1.3690000000001117, 1.8079999999998106, 1.8079999999998106, 2.1753999999999603, 2.877000000000165, 2.877000000000165, 3.1721999999999144, 3.1721999999999144, 3.39220000000023, 4.948799999999755, 4.948799999999755, 6.514400000000387, 6.514400000000387, 7.04499999999983, 7.790399999999863, 7.790399999999863, 9.944599999999626, 9.944599999999626, 10.979599999999966, 12.27420000000008, 12.27420000000008, 13.608400000000255, 13.608400000000255, 15.302400000000125, 18.345600000000193, 18.345600000000193, 20.080400000000008, 20.080400000000008, 19.934600000000138, 20.09500000000007, 20.09500000000007, 18.735599999999614, 18.735599999999614, 17.279199999999765, 14.252999999999641, 14.252999999999641, 12.409000000000498, 12.409000000000498, 11.972200000000036, 9.777200000000207, 9.777200000000207, 7.683799999999488, 7.683799999999488, 6.981999999999971, 6.775200000000162, 6.775200000000162, 5.733000000000417, 5.733000000000417, 5.116600000000108, 3.881399999999727, 3.881399999999727, 3.112799999999819, 3.112799999999819, 2.631199999999929, 1.7604000000000573, 1.7604000000000573, 1.5310000000000097, 1.5310000000000097, 1.468200000000191, 1.2404000000001059, 1.2404000000001059, 1.0072000000001329, 1.0072000000001329, 1.0465999999996711, 1.2707999999997508, 1.2707999999997508, 1.3819999999999708, 1.3819999999999708, 1.6664000000003094, 2.8424000000003917, 2.8424000000003917, 3.6699999999998303, 3.6699999999998303, 3.7364000000001396, 3.9277999999996003, 3.9277999999996003, 5.445800000000236, 5.445800000000236, 6.229399999999562, 7.355400000000008, 7.355400000000008, 8.316599999999744, 8.316599999999744, 9.43080000000009, 11.7, 11.7, 12.80699999999997, 12.80699999999997, 13.06740000000015, 16.121600000000278, 16.121600000000278, 19.08520000000026, 19.08520000000026, 20.124799999999958, 20.102400000000124, 20.102400000000124, 20.427199999999598, 20.427199999999598, 20.447199999999793, 17.453599999999884, 17.453599999999884, 14.28700000000026, 14.28700000000026, 13.037600000000383, 12.574199999999715, 12.574199999999715, 10.37099999999979, 10.37099999999979, 9.169799999999547, 7.269600000000234, 7.269600000000234, 6.653800000000047, 6.653800000000047, 5.9852000000001375, 4.455800000000211, 4.455800000000211, 3.571400000000237, 3.571400000000237, 3.456600000000253, 2.682799999999649, 2.682799999999649, 1.825199999999798, 1.825199999999798, 1.5219999999999951, 1.3741999999999583]}