{"query": "sum( rate( kepler_node_package_joules_total{ job=\"metal\", }[20s] ) )", "metric": {}, "timestamps": [1725921365, 1725921368, 1725921371, 1725921374, 1725921377, 1725921380, 1725921383, 1725921386, 1725921389, 1725921392, 1725921395, 1725921398, 1725921401, 1725921404, 1725921407, 1725921410, 1725921413, 1725921416, 1725921419, 1725921422, 1725921425, 1725921428, 1725921431, 1725921434, 1725921437, 1725921440, 1725921443, 1725921446, 1725921449, 1725921452, 1725921455, 1725921458, 1725921461, 1725921464, 1725921467, 1725921470, 1725921473, 1725921476, 1725921479, 1725921482, 1725921485, 1725921488, 1725921491, 1725921494, 1725921497, 1725921500, 1725921503, 1725921506, 1725921509, 1725921512, 1725921515, 1725921518, 1725921521, 1725921524, 1725921527, 1725921530, 1725921533, 1725921536, 1725921539, 1725921542, 1725921545, 1725921548, 1725921551, 1725921554, 1725921557, 1725921560, 1725921563, 1725921566, 1725921569, 1725921572, 1725921575, 1725921578, 1725921581, 1725921584, 1725921587, 1725921590, 1725921593, 1725921596, 1725921599, 1725921602, 1725921605, 1725921608, 1725921611, 1725921614, 1725921617, 1725921620, 1725921623, 1725921626, 1725921629, 1725921632, 1725921635, 1725921638, 1725921641, 1725921644, 1725921647, 1725921650, 1725921653, 1725921656, 1725921659, 1725921662, 1725921665, 1725921668, 1725921671, 1725921674, 1725921677, 1725921680, 1725921683, 1725921686, 1725921689, 1725921692, 1725921695, 1725921698, 1725921701, 1725921704, 1725921707, 1725921710, 1725921713, 1725921716, 1725921719, 1725921722, 1725921725, 1725921728, 1725921731, 1725921734, 1725921737, 1725921740, 1725921743, 1725921746, 1725921749, 1725921752, 1725921755, 1725921758, 1725921761, 1725921764, 1725921767, 1725921770], "values": [11.931133333331672, 11.931133333331672, 12.537266666664316, 12.537266666664316, 12.646800000005168, 13.050599999997454, 13.050599999997454, 12.066066666664362, 12.066066666664362, 12.118466666664851, 12.29273333333937, 12.29273333333937, 12.573133333331013, 12.573133333331013, 12.942399999997967, 13.160133333330547, 13.160133333330547, 13.284866666672556, 13.284866666672556, 13.743066666672044, 17.246733333331456, 17.246733333331456, 20.52519999999786, 20.52519999999786, 21.685799999997833, 22.1997333333391, 22.1997333333391, 24.593799999997522, 24.593799999997522, 25.640399999998046, 27.21286666666468, 27.21286666666468, 27.866066666672122, 27.866066666672122, 28.498399999997737, 29.588933333330594, 29.588933333330594, 30.008333333331393, 30.008333333331393, 29.937266666672077, 29.919999999998254, 29.919999999998254, 29.238933333331566, 29.238933333331566, 28.664533333330958, 27.285000000005432, 27.285000000005432, 26.631933333330863, 26.631933333330863, 26.173199999997934, 23.937133333331438, 23.937133333331438, 21.197466666672454, 21.197466666672454, 20.374600000006225, 20.168066666664284, 20.168066666664284, 18.66826666666408, 18.66826666666408, 17.604999999996895, 15.052333333338417, 15.052333333338417, 13.832666666665077, 13.832666666665077, 13.37039999999785, 12.806866666664913, 12.806866666664913, 13.70900000000547, 13.70900000000547, 13.515999999998408, 13.153266666664663, 13.153266666664663, 11.935733333330912, 11.935733333330912, 12.247733333339177, 12.573399999997733, 12.573399999997733, 12.893999999998293, 12.893999999998293, 14.367466666663919, 16.274400000005457, 16.274400000005457, 16.639199999997317, 16.639199999997317, 15.128133333331789, 15.052799999998145, 15.052799999998145, 18.008466666672028, 18.008466666672028, 19.36239999999719, 20.917999999997363, 20.917999999997363, 21.77313333333101, 21.77313333333101, 23.12246666667246, 25.480266666664587, 25.480266666664587, 26.753866666665026, 26.753866666665026, 26.891933333331444, 28.53013333333947, 28.53013333333947, 30.44406666666425, 30.44406666666425, 31.315999999997437, 31.20953333333115, 31.20953333333115, 31.111000000005394, 31.111000000005394, 30.788400000005883, 29.499999999997087, 29.499999999997087, 27.772466666664698, 27.772466666664698, 27.140733333330715, 26.68006666667255, 26.68006666667255, 24.55046666666458, 24.55046666666458, 23.281933333331835, 21.794133333331168, 21.794133333331168, 20.585333333339076, 20.585333333339076, 19.24973333333037, 16.037199999998364, 16.037199999998364, 14.507933333330826, 14.507933333330826, 14.318066666673015, 14.038466666664075, 14.038466666664075, 13.139733333331726, 13.139733333331726, 12.966866666664526, 12.475733333339061]}