{"query": "sum( rate( node_rapl_package_joules_total[20s] ) )", "metric": {}, "timestamps": [1725921365, 1725921368, 1725921371, 1725921374, 1725921377, 1725921380, 1725921383, 1725921386, 1725921389, 1725921392, 1725921395, 1725921398, 1725921401, 1725921404, 1725921407, 1725921410, 1725921413, 1725921416, 1725921419, 1725921422, 1725921425, 1725921428, 1725921431, 1725921434, 1725921437, 1725921440, 1725921443, 1725921446, 1725921449, 1725921452, 1725921455, 1725921458, 1725921461, 1725921464, 1725921467, 1725921470, 1725921473, 1725921476, 1725921479, 1725921482, 1725921485, 1725921488, 1725921491, 1725921494, 1725921497, 1725921500, 1725921503, 1725921506, 1725921509, 1725921512, 1725921515, 1725921518, 1725921521, 1725921524, 1725921527, 1725921530, 1725921533, 1725921536, 1725921539, 1725921542, 1725921545, 1725921548, 1725921551, 1725921554, 1725921557, 1725921560, 1725921563, 1725921566, 1725921569, 1725921572, 1725921575, 1725921578, 1725921581, 1725921584, 1725921587, 1725921590, 1725921593, 1725921596, 1725921599, 1725921602, 1725921605, 1725921608, 1725921611, 1725921614, 1725921617, 1725921620, 1725921623, 1725921626, 1725921629, 1725921632, 1725921635, 1725921638, 1725921641, 1725921644, 1725921647, 1725921650, 1725921653, 1725921656, 1725921659, 1725921662, 1725921665, 1725921668, 1725921671, 1725921674, 1725921677, 1725921680, 1725921683, 1725921686, 1725921689, 1725921692, 1725921695, 1725921698, 1725921701, 1725921704, 1725921707, 1725921710, 1725921713, 1725921716, 1725921719, 1725921722, 1725921725, 1725921728, 1725921731, 1725921734, 1725921737, 1725921740, 1725921743, 1725921746, 1725921749, 1725921752, 1725921755, 1725921758, 1725921761, 1725921764, 1725921767, 1725921770], "values": [12.464885133334125, 12.722501600000154, 12.722501600000154, 12.683288666666098, 12.683288666666098, 12.9683423999988, 12.017225933333005, 12.017225933333005, 12.109820066665998, 12.109820066665998, 12.316329999999532, 12.388013533334014, 12.388013533334014, 12.85432500000073, 12.85432500000073, 13.062063733335041, 13.309129333333113, 13.309129333333113, 13.78249646666615, 13.78249646666615, 16.803737066666752, 19.289338599999123, 19.289338599999123, 21.689723133334578, 21.689723133334578, 21.761483999999474, 23.956432800000766, 23.956432800000766, 25.63367459999863, 25.63367459999863, 27.1859045333326, 27.366706533332277, 27.366706533332277, 28.49486113333454, 28.49486113333454, 29.48672873333368, 30.152714133334424, 30.152714133334424, 29.94379946666692, 29.94379946666692, 29.85173833333344, 29.62033839999931, 29.62033839999931, 28.664729733332447, 28.664729733332447, 27.50319699999915, 26.63124286666668, 26.63124286666668, 26.257476733333895, 26.257476733333895, 24.374994600001568, 21.962700066666972, 21.962700066666972, 20.297775133332472, 20.297775133332472, 20.079615733332076, 19.73620440000086, 19.73620440000086, 17.653372800000945, 17.653372800000945, 15.654028933334242, 13.915361466666218, 13.915361466666218, 13.385691666667116, 13.385691666667116, 12.847423999999107, 13.640195400000083, 13.640195400000083, 13.486761533333144, 13.486761533333144, 13.173395600001095, 12.035101066665568, 12.035101066665568, 12.212899999999596, 12.212899999999596, 12.517773999999433, 12.843139333334207, 12.843139333334207, 14.345918733333626, 14.345918733333626, 16.13690120000004, 16.449473666667473, 16.449473666667473, 15.194532999999744, 15.194532999999744, 14.48502153333393, 17.071725466665036, 17.071725466665036, 19.320779799999823, 19.320779799999823, 21.133238533333255, 21.002603333334747, 21.002603333334747, 23.11688419999943, 23.11688419999943, 24.976429399999326, 26.86495399999937, 26.86495399999937, 26.893091133333897, 26.893091133333897, 28.297583799999362, 29.72971719999914, 29.72971719999914, 31.318104266666342, 31.318104266666342, 31.256178133333258, 30.99261266666775, 30.99261266666775, 30.837644800000515, 30.837644800000515, 29.607948266668245, 28.47862586666597, 28.47862586666597, 27.082218266666555, 27.082218266666555, 27.11686173333243, 25.358296866666446, 25.358296866666446, 23.284620599999712, 23.284620599999712, 21.760527800000272, 21.573984466667753, 21.573984466667753, 19.261103866666478, 19.261103866666478, 16.60345686666551, 14.454552866665956, 14.454552866665956, 14.339811066666153, 14.339811066666153, 13.954899933334673, 13.34354493333376, 13.34354493333376, 12.945572333334711, 12.945572333334711, 12.695243399999647]}